loss_avg;epoch;iteration;global_iteration
1.4214375019073486;0;1;1
1.2984833717346191;0;2;2
0.5913007855415344;1;1;3
0.34919533133506775;1;2;4
