loss;epoch;iteration;global_iteration
1.7441647052764893;0;1;1
1.9451719522476196;0;2;2
0.5391343235969543;1;1;3
0.5334076881408691;1;2;4
0.35908204317092896;2;1;5
