loss_avg;epoch;iteration;global_iteration
2.0430898666381836;0;1;1
1.8829526901245117;0;2;2
0.6850748062133789;1;1;3
0.35338884592056274;1;2;4
0.2537809908390045;2;1;5
