loss_avg;epoch;iteration;global_iteration
1.9267332553863525;0;1;1
2.0387840270996094;0;2;2
0.8366389274597168;1;1;3
