loss_avg;epoch;iteration;global_iteration
1.868167519569397;0;1;1
2.145165205001831;0;2;2
0.694780170917511;1;1;3
0.3303399384021759;1;2;4
