loss;epoch;iteration;global_iteration
2.6120383739471436;0;1;1
2.283052921295166;0;2;2
