lr;epoch;iteration;global_iteration
4.6296296296296294e-05;0;1;1
3.7037037037037037e-05;0;2;2
